Model,AUC,Gini,KS,Accuracy,Precision,Recall,F1,Brier,LogLoss
TabNet_Pro (Baseline),0.751899789675116,0.5037995793502319,0.37939663286032455,0.7036844330265682,0.1670098950223517,0.6696878147029205,0.26734743105250464,0.19529251673771764,0.5759210863571129
