Model,AUC,Gini,KS,Accuracy,Precision,Recall,F1,Brier,LogLoss
TabNet_Pro (Baseline),0.7349439104846294,0.46988782096925874,0.350937988706021,0.6820428603947839,0.15544114868694503,0.6628398791540786,0.2518269120404025,0.20665743994871622,0.6009755877644127
