Model,AUC,Gini,KS,Accuracy,Precision,Recall,F1,Brier,LogLoss
TabNet_highest (Baseline),0.7285846139382633,0.4571692278765267,0.34099757431439753,0.6841891320607459,0.15351802147239263,0.645115810674723,0.24801579619807193,0.2073565048610757,0.6025718591349871
