Model,AUC,Gini,KS,Accuracy,Precision,Recall,F1,Brier,LogLoss
TabNet_Highest (Baseline with Optimal Threshold),0.7285846139382633,0.4571692278765267,0.34099757431439753,0.6848557770479009,0.15368724477540235,0.6443101711983887,0.24817688130333593,0.2073565048610757,0.6025718591349871
