Model,AUC,Gini,KS,Accuracy,Precision,Recall,F1,Brier,LogLoss
TabNet_highest (Baseline),0.6477437736012996,0.2954875472025993,0.21539607220296397,0.5993951416214107,0.11831128012106631,0.614098690835851,0.19839927121290996,0.2324861714878154,0.6569913920188942
