Model,AUC,Gini,KS,Accuracy,Precision,Recall,F1,Brier,LogLoss
TabNet_Highest (Baseline with Optimal Threshold),0.6477437736012996,0.2954875472025993,0.21539607220296397,0.6008259893987188,0.11859785783836417,0.6132930513595166,0.1987597911227154,0.2324861714878154,0.6569913920188942
