Model,AUC,Gini,KS,Accuracy,Precision,Recall,F1,Brier,LogLoss
TabNet_pro (Baseline with Optimal Threshold),0.7532380393942486,0.5064760787884972,0.3736105869123912,0.7078468992878281,0.16722117008752624,0.6580060422960725,0.2666721083993143,0.19229168332108562,0.564734188017308
