Model,AUC,Gini,KS,Accuracy,Precision,Recall,F1,Brier,LogLoss
TabNet_Pro (Baseline with Optimal Threshold),0.751899789675116,0.5037995793502319,0.37939663286032455,0.6589054014503594,0.15374302642390694,0.716012084592145,0.25313301053830817,0.19529251673771764,0.5759210863571129
